uri:ID,:LABEL,preferredLabel,description,skillType,reuseLevel,status,collection,coverageLevel,code
http://data.europa.eu/esco/skill/14832d87-2f2f-4895-b290-e4760ebae42a,DigCompSkill,solve technical problems,"Identify technical problems when operating devices and using digital environments, and solve them (from trouble-shooting to solving more complex problems).",skill/competence,cross-sector,released,DigComp,high,DCOMP_14832d87-2f2f-4895-b290-e4760ebae42a
http://data.europa.eu/esco/skill/16a00c69-9c74-4c37-96d7-6301d285e5ce,DigCompSkill,use e-services,Participate in society through the use of public and private digital services. Seek opportunities for self-empowerment and for participatory citizenship through appropriate digital technologies.,skill/competence,cross-sector,released,DigComp,high,DCOMP_16a00c69-9c74-4c37-96d7-6301d285e5ce
http://data.europa.eu/esco/skill/1a4cc54f-1e53-442b-a6d2-1682dc8ef8f9,DigCompSkill,creatively use digital technologies,Use digital tools and technologies to create knowledge and to innovate processes and products. Engage individually and collectively in cognitive processing to understand and resolve conceptual problems and problem situations in digital environments.,skill/competence,cross-sector,released,DigComp,high,DCOMP_1a4cc54f-1e53-442b-a6d2-1682dc8ef8f9
http://data.europa.eu/esco/skill/1d6c7de4-350e-4868-a47b-333b4b0d9650,DigCompSkill,"evaluate data, information and digital content","Analyse, compare and critically evaluate the credibility and reliability of sources of data, information and digital content. Analyse, interpret and critically evaluate the data, information and digital content.",skill/competence,cross-sector,released,DigComp,high,DCOMP_1d6c7de4-350e-4868-a47b-333b4b0d9650
http://data.europa.eu/esco/skill/21d2f96d-35f7-4e3f-9745-c533d2dd6e97,DigCompSkill,computer programming,"The techniques and principles of software development, such as analysis, algorithms, coding, testing and compiling of programming paradigms (e.g. object oriented programming, functional programming) and of programming languages.",knowledge,cross-sector,released,DigComp,high,DCOMP_21d2f96d-35f7-4e3f-9745-c533d2dd6e97
http://data.europa.eu/esco/skill/238343b1-7b51-42b3-a9ed-cf24d3a236e7,DigCompSkill,identify digital competence gaps,Understand where one’s own digital competence needs to be improved or updated. Be able to support others with their digital competence development. Seek opportunities for self-development and keep up-to-date with the digital evolution.,skill/competence,cross-sector,released,DigComp,high,DCOMP_238343b1-7b51-42b3-a9ed-cf24d3a236e7
http://data.europa.eu/esco/skill/2b34a99f-9813-4c91-9509-b6b9b8c3132e,DigCompSkill,collaborate through digital technologies,"Use digital tools and technologies for collaborative processes, and for co-construction and co-creation of resources and knowledge.",skill/competence,cross-sector,released,DigComp,high,DCOMP_2b34a99f-9813-4c91-9509-b6b9b8c3132e
http://data.europa.eu/esco/skill/33a82b83-c838-4889-ae62-fae1317481eb,DigCompSkill,protect personal data and privacy,Protect personal data and privacy in digital environments. Understand how to use and share personally identifiable information while being able to protect oneself and others from damages. Understand that digital services use a “Privacy policy” to inform how personal data is used.,skill/competence,cross-sector,released,DigComp,high,DCOMP_33a82b83-c838-4889-ae62-fae1317481eb
http://data.europa.eu/esco/skill/40001d93-8937-4859-89d5-2dca53290ff4,DigCompSkill,share through digital technologies,"Share data, information and digital content with others through appropriate digital technologies. Act as an intermediary, know about referencing and attribution practices.",skill/competence,cross-sector,released,DigComp,high,DCOMP_40001d93-8937-4859-89d5-2dca53290ff4
http://data.europa.eu/esco/skill/426ceaba-6867-481c-bb6b-aee3933da7d2,DigCompSkill,ICT safety,"Personal protection, data protection, digital identity protection, security measures, safe and sustainable use.",,,released,DigComp,high,DCOMP_426ceaba-6867-481c-bb6b-aee3933da7d2
http://data.europa.eu/esco/skill/42fcf80d-7b45-40f3-bd2f-5411c4c0dfa0,DigCompSkill,identify technological needs,Assess needs and identify digital tools and possible technological responses to address them. Adjust and customise digital environments to personal needs (e.g. accessibility).,skill/competence,cross-sector,released,DigComp,high,DCOMP_42fcf80d-7b45-40f3-bd2f-5411c4c0dfa0
http://data.europa.eu/esco/skill/4d97e3c3-f335-47cc-a4ee-0d779fd42222,DigCompSkill,"manage data, information and digital content","Organise, store and retrieve data, information and content in digital environments. Organise and process them in a structured environment.",skill/competence,cross-sector,released,DigComp,high,DCOMP_4d97e3c3-f335-47cc-a4ee-0d779fd42222
http://data.europa.eu/esco/skill/574257ea-7b64-4100-b7b6-e27c233fe143,DigCompSkill,digital communication and collaboration,"Communicate in digital environments, share resources through online tools, link with others and collaborate through digital tools, interact with and participate in communities and networks, cross-cultural awareness.",,,released,DigComp,high,DCOMP_574257ea-7b64-4100-b7b6-e27c233fe143
http://data.europa.eu/esco/skill/5af49836-2269-46d9-87b9-0d3140c6c22e,DigCompSkill,integrate and re-elaborate digital content,"Modify, refine, improve and integrate information and content into an existing body of knowledge to create new, original and relevant content and knowledge.",skill/competence,cross-sector,released,DigComp,high,DCOMP_5af49836-2269-46d9-87b9-0d3140c6c22e
http://data.europa.eu/esco/skill/5fd5c985-eaaa-47aa-8314-62359c54505a,DigCompSkill,develop digital content,"Create and edit digital content in different formats, express oneself through digital means.",skill/competence,cross-sector,released,DigComp,high,DCOMP_5fd5c985-eaaa-47aa-8314-62359c54505a
http://data.europa.eu/esco/skill/629685b8-5f9e-4522-8cff-b3e2c4ec625a,DigCompSkill,digital data processing,"Identify, locate, retrieve, store, organise and analyse digital information, judging its relevance and purpose.",,,released,DigComp,high,DCOMP_629685b8-5f9e-4522-8cff-b3e2c4ec625a
http://data.europa.eu/esco/skill/7e5147d1-60b1-4a68-804b-1f5cb0396b91,DigCompSkill,problem-solving with digital tools,"Identify digital needs and resources, make informed decisions on most appropriate digital tools according to the purpose or need, solve conceptual problems through digital means, creatively use technologies, solve technical problems, update own and other's competence.",,,released,DigComp,high,DCOMP_7e5147d1-60b1-4a68-804b-1f5cb0396b91
http://data.europa.eu/esco/skill/a12057b4-6d11-4a12-ab8e-15a028ef0a6d,DigCompSkill,interact through digital technologies,Interact through a variety of digital technologies and understand appropriate digital communication means for a given context.,skill/competence,cross-sector,released,DigComp,high,DCOMP_a12057b4-6d11-4a12-ab8e-15a028ef0a6d
http://data.europa.eu/esco/skill/a91732ce-988e-4105-9570-f425c6ffdc82,DigCompSkill,intellectual property regime of digital content," Copyright and licencing provisions that apply to data, information and digital content.",knowledge,cross-sector,released,DigComp,high,DCOMP_a91732ce-988e-4105-9570-f425c6ffdc82
http://data.europa.eu/esco/skill/bc0b0b5d-f6be-405a-b224-b6902a4dbe97,DigCompSkill,manage digital identity,"Create and manage one or multiple digital identities, be able to protect one's own reputation, deal with the data that one produces through several digital tools, environments and services.",skill/competence,cross-sector,released,DigComp,high,DCOMP_bc0b0b5d-f6be-405a-b224-b6902a4dbe97
http://data.europa.eu/esco/skill/c4ba12d1-4698-42fa-8abb-789462ea2586,DigCompSkill,protect the environment from the impact of the digital technologies,Be aware of the environmental impact of digital technologies and their use.,skill/competence,occupation-specific,released,DigComp,high,DCOMP_c4ba12d1-4698-42fa-8abb-789462ea2586
http://data.europa.eu/esco/skill/d1ed5b3a-cab5-4c5d-baf8-0214998b58fb,DigCompSkill,protect health and well-being while using digital technologies,Be able to avoid health-risks and threats to physical and psychological well-being while using digital technologies. Be able to protect oneself and others from possible dangers in digital environments (e.g. cyber bullying). Be aware of digital technologies for social well-being and social inclusion.,skill/competence,cross-sector,released,DigComp,high,DCOMP_d1ed5b3a-cab5-4c5d-baf8-0214998b58fb
http://data.europa.eu/esco/skill/df329d70-87b0-466b-a214-3431f36e2a5e,DigCompSkill,protect ICT devices,"Protect devices and digital content, and understand risks and threats in digital environments. Know about safety and security measures and have due regard to reliability and privacy. Make use of tools and methods which maximise security of ICT devices and information by controlling access, such as passwords, digital signatures, biometry, and protecting systems such as firewall, antivirus, spam filters.",skill/competence,cross-sector,released,DigComp,high,DCOMP_df329d70-87b0-466b-a214-3431f36e2a5e
http://data.europa.eu/esco/skill/e439742d-558d-4f52-885e-afdc740b48cf,DigCompSkill,"browse, search and filter data, information and digital content","Articulate information needs, search for data, information and content in digital environments, access them and navigate between them. Create and update personal search strategies.",skill/competence,cross-sector,released,DigComp,high,DCOMP_e439742d-558d-4f52-885e-afdc740b48cf
http://data.europa.eu/esco/skill/f5369f2f-e52b-43d8-8d31-79a6c11188d8,DigCompSkill,digital content creation,"Create and edit new content (from word processing to images and video); integrate and re-elaborate previous knowledge and content; produce creative expressions, media outputs and programming; deal with and apply intellectual property rights and licences.",,,released,DigComp,high,DCOMP_f5369f2f-e52b-43d8-8d31-79a6c11188d8
